Correct Sentences,Correct Tags,Weighted F1 Score,Accuracy
0.38461538461538464,0.6470588235294118,0.9086645632266446,0.6470588235294118
