Correct Sentences,Correct Tags,Weighted F1 Score,Accuracy
0.5768388677474847,0.7742473353984145,0.9636393965476815,0.7742473353984145
