Correct Sentences,Correct Tags,Weighted F1 Score,Accuracy
0.25933745145567805,0.35134690726071666,0.8928337444429275,0.35134690726071666
