Correct Sentences,Correct Tags,Weighted F1 Score,Accuracy
0.6392378668612835,0.8013043933523807,0.9681888459448417,0.8013043933523807
