Correct Sentences,Correct Tags,Weighted F1 Score,Accuracy
0.3076923076923077,0.6176470588235294,0.9116853466168536,0.6176470588235294
