Correct Sentences,Correct Tags,Weighted F1 Score,Accuracy
0.2577736075273021,0.25047492472536964,0.8579187170724539,0.25047492472536964
